user_id,creator_id
1,465
1,638
1,746
1,1108
1,52
2,1231
2,904
2,1379
2,368
3,1830
3,480
3,1007
3,1531
3,1542
4,1406
4,1385
4,1011
4,46
4,675
5,197
6,1174
7,1714
7,1568
7,377
7,707
7,368
8,1011
8,619
8,46
9,1122
9,1957
9,863
9,354
9,1133
9,737
10,1494
10,580
10,927
10,1395
10,412
11,440
11,412
11,1461
11,1308
11,830
11,1274
12,949
12,576
13,1290
13,890
13,240
14,185
14,940
14,905
14,366
14,999
14,50
15,994
15,1473
16,1035
16,753
16,1019
16,1465
16,129
16,786
17,890
17,573
18,1670
18,1250
18,293
18,82
18,1101
18,1138
18,1069
19,1739
19,1314
19,1308
19,573
19,362
19,610
19,1875
20,1622
20,1958
20,1848
20,611
21,1623
22,454
22,1454
22,1990
22,1813
23,1379
23,1833
23,1648
23,454
23,788
23,1618
24,85
24,979
25,910
25,1133
25,1994
25,1910
26,1034
26,1086
26,994
26,809
27,584
27,1152
27,576
28,744
28,185
28,1531
28,991
29,213
29,299
29,306
30,1234
30,1511
30,1226
30,1311
30,1613
30,744
30,1938
31,437
31,1986
31,1081
31,1106
32,1917
32,1197
32,1641
32,1606
32,200
32,1651
33,52
33,1222
33,887
33,1561
33,1420
33,1894
33,1423
34,355
34,1484
34,317
34,573
35,1565
35,1746
36,1853
36,1119
36,1556
36,480
36,675
36,1481
36,1923
37,1186
37,1702
38,240
38,938
38,963
38,915
38,1680
39,1762
39,1252
39,1119
39,1957
39,480
39,942
39,671
40,1028
40,417
40,1610
40,1217
40,1466
41,620
41,1981
41,1977
42,1636
42,368
42,1511
42,290
42,846
42,582
42,1814
43,169
43,193
44,176
44,421
44,558
44,1951
44,1323
45,1457
45,1133
45,1862
45,1511
45,1161
45,580
46,1511
46,583
46,100
46,71
47,351
47,66
48,1101
48,1537
48,1982
48,1433
48,1315
48,835
49,1660
49,174
49,1408
49,835
49,731
49,204
50,757
50,409
50,209
50,57
50,803
50,1979
50,310
51,1847
51,409
51,1513
51,1111
52,1737
52,57
52,1861
52,1826
53,788
53,621
53,987
53,451
53,734
53,1978
54,430
54,1933
54,1833
55,778
55,1133
55,907
55,367
55,169
55,68
55,1259
56,1327
56,775
57,1594
57,731
57,30
57,999
58,1697
58,1360
58,1034
59,1252
60,197
61,1205
61,1740
61,1786
61,366
62,257
62,1117
62,304
62,651
63,1967
64,1005
64,608
64,603
64,1222
64,1346
65,1641
65,835
65,1331
66,1369
66,1944
66,1005
66,562
67,1132
67,311
67,248
67,910
67,288
67,1619
67,905
68,354
69,1462
70,1932
71,1951
72,716
72,1108
72,1041
72,195
72,416
72,1348
72,621
73,614
74,772
75,204
75,917
75,446
75,737
76,810
76,571
76,1180
76,171
76,916
76,193
77,1413
77,1294
77,354
77,1830
77,1625
77,1360
78,372
78,1461
78,1711
79,1092
80,1678
81,119
81,428
81,949
81,483
81,494
81,1550
82,426
83,1285
84,421
85,421
85,1055
86,212
86,1967
87,608
88,1647
89,890
89,248
89,706
89,1933
89,1314
90,1574
90,1324
90,340
90,965
90,1481
91,1454
91,1687
91,965
92,414
92,932
93,1790
93,1482
93,632
93,582
94,238
94,1988
94,621
95,1700
95,917
95,1910
95,495
95,234
95,508
95,1962
96,1101
96,1325
96,197
96,308
96,1853
96,1069
96,950
97,938
97,479
97,1868
98,1944
99,1323
100,1619
100,1408
100,1608
100,372
101,174
101,1898
101,1420
101,1563
101,311
102,1729
103,480
103,252
104,1217
104,1531
104,1165
104,1737
105,275
105,240
105,721
105,1133
105,756
105,1380
106,963
106,287
106,1112
106,1152
107,568
108,323
108,1727
108,199
108,421
109,486
109,1980
109,1498
109,124
109,576
110,1795
111,454
111,416
111,414
111,1166
111,1913
112,1092
112,519
112,416
112,772
112,1174
113,1920
113,737
113,325
113,1811
113,306
113,1990
114,1980
114,1906
115,1687
116,271
116,1334
117,1738
117,507
118,1076
118,1238
118,472
118,1610
119,3
119,1092
119,887
120,439
121,638
121,174
121,427
121,1183
121,1217
122,1544
122,1162
122,64
122,1542
122,1207
122,789
123,1222
123,544
123,1432
123,1742
124,1106
124,301
125,193
125,939
125,1423
125,1817
125,906
125,927
126,306
126,1162
127,888
128,1770
128,1711
128,1904
128,74
129,1740
129,1732
129,789
129,271
129,209
129,737
130,1564
130,101
130,1207
130,945
130,433
130,1877
131,304
131,937
131,1461
131,1988
131,1630
132,681
132,1531
133,1638
133,1789
133,562
133,1183
134,1551
134,917
134,59
134,594
134,1199
134,1613
134,608
135,1742
135,1917
135,943
135,614
135,219
136,1406
136,125
136,974
136,428
137,1371
137,514
138,1054
138,1665
139,434
139,443
139,1567
139,940
139,1423
140,1302
140,377
140,1266
140,833
141,1556
141,1121
142,1565
142,863
142,1180
142,1135
142,571
142,45
142,933
143,312
143,508
143,428
143,3
144,1853
144,1432
144,486
144,1567
144,1498
144,452
144,1041
145,1028
146,1742
146,1321
146,905
146,1847
146,556
146,1601
146,949
147,788
147,1285
147,520
147,1622
147,589
148,1702
148,1594
148,728
149,837
149,1314
149,1081
149,1302
149,614
150,597
150,1539
151,536
151,60
151,498
151,1336
152,1999
152,535
152,1346
152,1994
152,1019
152,931
153,430
153,345
153,325
153,552
153,307
154,221
154,1742
154,744
155,711
156,1117
156,1390
157,136
157,482
157,1293
157,1291
158,1652
159,1058
159,44
160,310
160,737
160,1433
160,507
160,240
161,1147
161,293
161,1554
161,927
161,1293
162,1944
162,1739
162,382
163,72
163,1680
163,60
163,415
163,189
163,1234
164,1386
165,1279
165,57
165,600
165,1456
165,1939
166,1498
166,562
166,1396
167,1434
167,1689
167,101
167,991
168,507
168,746
168,910
168,974
169,74
170,1420
170,1740
170,1092
170,1815
171,1147
171,1092
171,1197
171,693
171,491
172,1379
172,199
172,1542
172,466
173,1563
173,482
173,651
173,1365
173,1962
174,1755
174,1226
174,708
175,1121
175,301
175,768
175,3
175,945
175,1885
175,1795
176,580
176,494
176,820
176,1035
176,77
176,1011
176,1358
177,238
177,1742
177,1697
177,1246
177,50
178,933
178,1873
178,1610
178,1653
178,585
179,465
180,428
180,1097
180,915
180,1232
180,1834
180,353
180,778
181,1314
181,68
181,304
181,544
182,267
182,1746
182,908
182,1757
182,257
183,949
184,278
185,430
186,1321
186,722
187,1097
187,1625
187,908
187,931
187,772
187,1007
187,940
188,584
189,556
190,176
190,889
190,72
190,1981
190,850
190,906
190,1720
191,514
191,178
191,545
191,1557
191,129
192,1867
193,1569
194,248
194,1336
195,1433
195,77
196,1380
196,430
196,713
196,608
196,757
196,1250
196,778
197,434
197,1877
197,1477
197,600
197,1804
197,631
197,234
198,536
199,835
200,183
200,68
200,359
200,1498
200,1503
201,372
201,1331
201,1799
201,939
201,52
202,417
202,1830
203,1199
203,1677
203,1380
203,1804
203,942
204,1424
204,1473
204,1335
204,1873
204,74
204,1135
204,600
205,1958
205,932
205,1932
205,1622
205,890
205,945
205,100
206,1076
206,556
206,571
206,1982
207,381
207,1488
207,1689
207,1371
207,695
207,562
208,536
208,1600
208,30
209,1538
209,288
209,204
209,1111
209,1742
209,333
209,523
210,382
210,209
210,85
210,615
210,1494
210,1108
210,257
211,584
211,810
212,308
212,498
213,1441
213,1873
213,1648
213,1097
213,721
214,1252
214,1616
214,1088
215,1371
215,890
215,705
216,1874
216,276
216,262
216,1014
216,1993
216,1616
216,1161
217,1813
218,287
218,1423
219,1885
220,1991
220,1619
220,1746
220,1826
220,1566
221,479
221,200
221,943
222,1551
223,1122
223,1820
223,783
224,1566
224,603
224,1651
224,1692
224,716
224,1387
225,124
226,1853
226,621
226,618
226,520
226,916
226,68
226,906
227,1565
228,1232
228,332
228,889
229,232
229,1605
229,1291
229,364
229,1618
230,966
230,890
230,197
230,1041
230,1689
230,1459
230,1325
231,108
231,1246
231,308
231,1875
231,1386
231,1675
231,1465
232,1875
232,994
232,1034
232,1222
232,1064
232,1920
232,368
233,765
233,1390
233,304
233,68
233,600
233,1380
233,299
234,1944
234,3
234,1544
234,465
234,1302
234,760
235,369
235,375
235,788
235,1392
236,121
236,85
236,783
236,788
237,1250
237,1990
238,680
238,414
238,1606
238,619
238,1064
238,1770
239,1272
239,778
239,1245
239,1459
240,1222
240,693
240,1692
240,584
240,671
240,480
241,426
241,994
241,369
242,1279
242,1595
243,1913
243,1847
243,234
243,1191
244,3
244,888
244,1740
244,1830
244,293
244,1665
245,772
245,1982
245,987
245,1315
246,1650
247,1088
247,652
247,1474
247,325
247,1651
247,1101
247,1385
248,1434
249,364
249,1610
249,496
249,1090
250,1132
250,887
250,267
250,1988
250,1594
250,603
251,713
251,1746
251,33
251,1385
251,423
251,781
252,1638
252,304
252,200
252,479
252,382
252,79
253,1542
253,1274
254,1104
254,273
254,199
254,1737
254,514
254,1035
254,1259
255,932
255,708
255,1238
256,1648
256,1738
256,568
256,479
256,266
256,1112
257,775
257,1944
257,299
257,1593
258,1314
258,514
258,110
259,1423
259,1327
259,299
259,1729
259,412
259,1475
260,82
260,345
261,1675
261,910
261,1820
261,16
261,621
262,1925
262,1252
263,121
263,618
263,257
263,916
263,1616
264,1738
265,174
265,1245
265,1041
266,427
267,1675
267,430
267,742
267,515
267,544
267,1420
267,1565
268,312
268,1982
268,1593
269,1492
269,57
270,756
270,706
270,1432
270,1424
271,1638
271,1928
271,1625
271,1951
272,965
272,597
272,1030
272,1789
272,1420
273,1217
273,1231
273,1291
273,1539
274,1482
274,888
274,523
275,722
275,507
275,1294
275,1426
275,330
275,552
275,479
276,1874
276,1488
276,1994
276,1331
277,1980
278,1928
278,711
278,904
278,1371
278,1675
278,1457
279,328
279,1465
279,850
279,1565
280,530
281,1977
281,705
281,1472
281,1396
281,440
282,472
282,1677
282,1608
282,1622
282,874
283,1910
283,446
284,1981
284,1618
285,1252
285,745
286,484
287,589
287,1106
288,66
288,1790
288,1804
288,1408
288,1243
289,1162
289,1875
289,1511
289,1457
290,381
291,1092
291,1988
292,1179
292,1611
293,46
293,178
293,362
293,1999
293,1647
294,938
294,1623
294,1986
294,506
295,272
295,781
295,1503
296,1988
296,1455
296,1940
296,240
297,655
297,241
298,562
298,1772
299,288
299,558
299,480
299,31
300,421
300,1183
300,742
300,1746
301,1660
301,1379
301,1772
301,940
301,1457
302,731
302,1133
302,612
303,1053
303,440
303,427
303,1742
303,1991
303,1138
303,545
304,417
305,31
306,974
306,1097
306,1551
306,1677
306,1108
306,1629
306,1392
307,562
307,1680
307,612
308,1563
308,1544
308,549
308,1084
308,71
309,1121
309,1559
309,599
309,1551
310,1594
310,1396
311,506
311,1988
311,887
311,556
311,1324
311,1991
311,1785
312,1593
312,1980
312,343
312,1722
312,330
312,576
312,443
313,778
313,1179
313,890
314,772
314,1830
314,1982
314,1406
314,1465
314,753
314,1762
315,1041
315,1245
315,1138
315,1334
315,59
316,1385
316,576
316,1285
316,1162
316,527
316,1770
317,1498
317,498
317,680
318,1513
318,1659
319,1236
320,1550
320,77
320,810
320,340
321,1960
321,1108
321,747
321,1166
321,1847
322,520
323,480
323,238
324,312
324,1226
324,1390
325,415
325,858
325,102
325,1294
325,549
326,1608
326,421
326,1928
326,753
326,1630
326,744
326,747
327,528
327,1936
327,1408
327,1858
327,1625
327,241
328,211
328,178
328,352
328,1274
328,1222
329,1680
330,580
330,437
330,1030
330,1246
330,287
330,1451
330,1720
331,82
332,1702
332,987
333,615
333,531
333,293
333,496
333,234
333,1875
334,1019
335,1162
335,71
335,142
335,70
335,1830
336,1814
336,591
336,775
336,768
336,708
336,629
336,255
337,781
337,1361
337,1243
337,375
337,603
337,943
338,888
338,765
338,937
338,713
339,1302
339,711
339,1122
339,354
339,576
339,1569
339,369
340,176
340,1653
341,1813
341,758
342,1873
342,1714
342,1999
342,1912
343,257
343,508
344,328
344,178
344,1820
344,72
344,632
344,1395
345,174
345,430
346,1084
347,1199
347,193
348,186
348,533
348,949
348,592
348,125
349,1610
350,1053
350,786
350,1714
351,332
351,463
351,1600
351,1923
351,1847
352,176
352,584
352,1108
353,1122
353,1199
353,1702
353,369
353,1625
353,1574
354,1064
355,908
355,1687
355,1820
355,301
355,1236
356,1860
356,480
356,1396
356,888
356,1197
356,1740
356,965
357,1088
357,1420
357,381
357,1830
357,1651
357,1433
357,406
358,1917
358,1770
358,1371
358,409
358,1564
358,1092
358,757
359,1993
360,1426
360,716
360,1550
360,317
360,1321
360,1346
361,1108
361,603
361,359
361,562
361,1551
361,786
361,486
362,1290
362,428
362,142
363,1034
363,227
363,1730
363,734
364,301
364,1224
364,1455
364,737
364,1993
364,833
365,1475
365,1357
365,708
365,1042
365,680
365,938
366,1822
366,430
366,1199
366,1641
366,377
366,1079
367,917
367,1121
368,1085
368,880
368,1636
368,1234
368,1420
368,615
369,1081
369,163
369,809
369,1037
369,708
369,383
369,1180
370,1384
370,245
370,1011
370,1629
371,1321
371,50
371,888
371,1106
371,1826
371,72
371,905
372,1594
372,708
372,713
372,908
372,1199
372,1451
373,437
373,1311
373,112
373,186
374,788
375,125
376,1125
376,1111
377,465
377,721
377,1839
377,1979
377,1566
377,1461
377,1551
378,1274
378,901
378,1365
378,1386
379,1457
379,1714
379,1005
379,1885
379,507
379,427
379,1545
380,1252
380,1539
380,1285
380,772
380,1616
380,562
381,1462
381,1346
381,1041
381,1380
381,395
382,756
383,594
383,1702
383,3
383,742
383,728
383,1291
384,1241
384,945
384,343
384,1613
385,440
385,299
385,129
386,412
386,74
386,603
386,1702
386,556
386,1740
387,1217
387,1799
387,1680
387,1595
387,1594
387,1568
387,212
388,1702
389,1513
389,1275
390,1960
390,1730
390,211
390,1574
391,965
392,515
392,768
393,1944
393,1475
394,1613
394,562
394,1559
395,178
395,1519
396,1539
397,1567
398,171
398,354
398,193
398,1293
398,64
398,1459
399,24
399,251
399,830
399,603
399,293
400,1371
400,1076
400,74
400,1243
401,1667
401,332
401,57
401,615
402,1058
402,582
402,1423
403,1557
403,1331
403,428
403,1615
404,974
404,1259
405,301
405,1557
405,1610
405,304
405,73
405,1993
405,1783
406,1819
407,875
407,745
408,1186
408,1230
408,332
408,937
408,1650
408,979
408,742
409,1600
409,301
409,786
409,1481
410,1285
410,1503
410,1321
410,1023
410,825
410,1234
411,362
411,1308
411,746
411,1647
411,1133
411,345
412,1311
412,1755
412,707
412,454
412,775
413,1166
413,52
413,494
413,186
414,454
414,421
414,1564
415,597
416,351
416,1112
417,1990
417,820
417,1512
417,260
418,591
419,818
419,1005
419,1335
419,1702
419,917
419,744
420,1432
420,44
421,1932
421,1382
421,874
421,1250
422,1382
422,747
422,1473
422,1819
423,1327
423,1700
423,234
423,1484
423,577
423,164
424,1623
424,571
424,527
424,1925
425,778
425,197
425,1698
426,1692
426,1613
426,193
427,584
427,585
428,276
428,515
429,1122
430,275
430,299
430,535
430,1727
430,1569
431,1988
432,515
432,1358
432,1194
432,1166
432,933
432,1473
433,1619
433,631
433,71
433,608
433,1358
434,1125
434,1569
434,1085
434,506
435,367
435,558
435,1613
435,372
436,1222
437,439
437,1138
437,728
437,591
437,1056
437,908
437,1291
438,1112
438,1053
438,558
438,1613
438,351
438,994
438,129
439,1648
439,1088
439,520
440,1692
440,915
440,1611
441,1569
441,1676
442,1770
442,1434
443,454
444,1556
444,1279
444,1273
445,52
445,1622
445,1005
445,1152
446,1259
446,64
446,856
446,988
446,1361
446,124
447,440
447,1594
447,1861
447,290
448,887
448,555
448,772
449,942
450,186
450,1993
451,1958
451,1638
451,506
451,412
451,1461
451,325
451,632
452,426
453,1698
453,1162
453,615
454,1432
455,1494
455,299
455,1740
456,793
456,713
456,1357
456,1224
456,1698
456,850
456,1861
457,434
458,1194
458,1086
458,57
458,409
458,1279
458,1243
458,1740
459,1659
459,775
459,1990
459,369
459,1415
460,221
460,1088
460,87
460,1986
461,1653
461,494
461,1538
461,1624
461,987
462,1285
462,430
462,1186
463,1166
463,1179
463,298
463,257
464,1461
464,1238
464,1638
464,1385
464,1023
465,917
465,332
465,1191
465,486
465,375
465,50
466,307
467,1789
468,308
468,1207
468,1005
468,1544
469,585
469,395
469,1285
470,60
470,377
470,1112
470,427
470,987
470,273
471,1135
471,1104
471,1385
471,760
471,1729
472,994
472,412
472,1820
473,1053
473,1147
473,558
473,212
473,889
473,1246
473,60
474,577
475,1436
475,1789
476,863
476,1250
477,1291
477,1790
477,594
478,1552
479,1557
480,1737
480,1938
481,1561
481,169
482,304
482,1293
482,536
482,1290
482,1730
482,528
483,60
483,1910
483,788
483,234
483,57
484,1360
484,1147
484,1380
484,1720
484,1595
485,1924
485,1676
485,1336
485,52
485,515
485,1395
485,1986
486,713
486,1870
487,100
487,939
487,1925
487,1552
487,1117
487,495
487,434
488,24
488,969
488,1266
489,271
489,999
489,1336
489,1117
489,1406
489,1415
490,1194
490,1957
490,1358
490,1037
491,466
492,945
493,906
494,332
494,768
494,556
494,1762
494,731
495,238
495,486
496,1651
496,24
496,1260
496,332
496,1967
496,73
497,577
497,1207
497,427
497,1609
497,618
497,702
498,820
498,1390
498,245
498,1678
498,906
499,440
499,1290
500,731
500,1465
500,908
500,328
500,1588
500,1488
500,1252
501,1557
501,406
501,204
502,1618
502,1133
502,1613
502,1315
502,496
503,758
503,1222
504,200
504,1058
504,580
505,1246
505,496
505,209
505,1315
505,1819
506,568
507,1999
507,116
507,1135
508,1629
508,273
508,1186
508,1379
508,882
509,1853
509,308
509,1475
509,1466
509,742
509,580
509,969
510,1830
510,1815
511,480
512,1544
512,1034
512,1477
512,611
512,87
512,110
512,558
513,1936
513,1894
514,68
514,72
514,969
514,421
514,1982
514,1811
514,1090
515,603
515,514
515,1035
515,938
516,979
516,245
516,1293
516,260
517,580
517,427
517,675
517,395
517,352
518,262
518,178
518,1944
519,1314
519,1038
519,778
519,1369
519,680
519,1434
520,1112
520,721
520,421
520,416
520,629
520,1801
520,1238
521,330
521,1999
521,553
522,1117
522,60
522,766
522,629
522,615
523,783
523,275
523,1676
523,963
523,1641
524,1991
524,446
524,994
524,1259
524,1179
524,1595
525,1811
526,591
526,1833
527,1097
527,737
527,304
527,1531
527,1054
527,1441
528,882
528,276
529,1815
529,1236
529,362
529,576
529,16
529,1977
529,901
530,85
530,1858
530,1625
530,737
531,1335
531,1121
531,293
531,119
532,1722
532,219
532,3
532,394
532,1221
533,803
533,409
533,335
533,1379
533,1898
533,600
533,975
534,421
534,933
534,552
534,835
534,1531
534,1232
534,1224
535,1677
535,1822
535,765
536,1346
536,1191
536,1441
536,343
536,882
536,1568
536,583
537,850
537,169
537,335
538,1951
539,293
539,508
539,311
539,1980
540,556
541,1030
541,1933
542,451
542,807
542,1813
542,1874
542,1382
543,44
543,1861
543,359
544,1165
544,1465
544,1820
544,1217
545,1619
545,612
545,888
545,1786
545,1260
545,731
545,757
546,1993
546,1426
546,1420
546,1990
547,1563
547,1957
547,64
547,421
547,495
547,288
548,381
548,1090
548,556
548,614
548,483
549,406
549,1557
549,317
549,482
549,506
550,1680
550,765
550,1243
550,290
550,1108
550,1097
551,536
551,1384
551,597
551,227
551,1230
551,577
551,614
552,1906
552,1554
552,742
552,1873
552,1387
552,273
552,1923
553,1034
553,437
553,1988
553,1279
554,592
554,1680
554,415
554,1653
555,304
555,965
555,1117
555,178
555,765
555,1473
555,1194
556,1813
556,1848
556,1732
557,808
557,1564
557,1107
558,994
558,1767
558,1652
558,1088
558,426
559,1023
559,1795
560,1371
560,1629
561,1132
561,1498
561,1619
561,1801
561,412
562,1028
562,1180
562,343
562,820
562,757
563,1384
564,1611
564,994
564,465
564,1651
564,552
564,1023
564,514
565,756
565,599
566,330
566,926
566,746
566,439
567,1432
568,1165
569,1600
569,430
569,695
569,1799
569,1369
569,716
570,514
570,1451
570,317
570,366
570,916
571,778
571,1054
571,1783
572,278
573,421
573,1714
573,1653
573,1768
573,1928
574,600
575,1538
575,1650
575,1801
575,1702
575,1390
575,463
576,1867
576,1260
576,174
577,73
577,552
577,927
577,1386
577,79
578,1894
578,273
578,1659
579,293
579,926
579,1266
580,999
580,1923
580,937
580,1542
581,1279
581,1005
581,362
582,375
582,788
582,716
583,282
583,963
583,1531
584,1408
584,1482
585,999
585,1266
585,101
585,1962
586,1492
586,367
587,744
587,789
587,1224
588,384
588,1564
589,1940
589,1426
589,245
589,1924
589,77
590,1222
590,552
590,1568
590,875
590,44
590,975
591,1636
591,1291
591,889
591,939
591,1676
591,987
592,1737
592,1279
592,937
592,368
592,1183
592,1906
593,614
593,1221
594,1197
594,1426
594,1858
594,745
594,850
595,789
596,1436
596,1199
596,1119
596,68
597,480
597,1396
597,507
597,1348
597,245
597,1461
598,1630
598,1197
599,1552
600,1785
600,59
600,963
601,620
601,1308
601,1951
601,1910
601,64
601,846
601,1092
602,1441
602,1799
602,939
602,204
602,169
603,917
603,1799
603,1833
603,1925
603,558
603,926
604,1005
604,711
605,171
606,939
606,45
606,1007
606,1799
606,372
606,1885
607,915
608,1925
608,1323
608,1744
608,592
609,1625
609,788
609,675
610,1161
610,536
610,100
610,932
611,1199
611,1613
612,1569
612,552
612,1484
613,810
613,1385
614,1232
614,260
614,927
614,577
614,1420
615,1820
615,1795
616,52
616,1101
616,1197
616,793
616,121
616,1677
617,933
617,931
617,1183
618,1037
618,1830
618,858
618,592
618,1291
618,227
618,1912
619,1147
619,423
620,1174
620,1991
620,1874
620,728
620,1360
620,1979
620,262
621,1545
621,786
621,619
621,1917
622,979
623,178
623,1697
624,272
624,1238
624,245
625,276
625,695
625,1962
625,466
626,943
626,1245
626,288
626,1335
626,552
626,1351
626,1978
627,452
627,1030
627,437
627,330
627,753
627,1119
628,372
628,1727
628,1423
629,1474
629,1085
629,1982
629,1273
629,1183
630,1714
631,282
631,1910
631,1738
631,30
632,966
633,1610
633,652
634,1308
634,412
634,974
634,311
634,482
634,1174
634,793
635,612
636,901
636,1616
637,1746
637,1742
637,1380
637,793
637,592
637,355
638,927
638,722
638,713
638,483
639,1034
639,121
639,1550
640,1873
640,1465
640,176
640,498
640,1826
640,241
640,589
641,1325
641,555
641,1720
641,1799
642,1648
642,1379
642,433
643,479
643,437
643,1041
643,1939
643,1567
643,591
644,209
644,1833
644,926
645,307
646,1238
646,1038
646,938
646,1408
646,744
646,1940
646,1898
647,746
647,1336
647,1689
648,301
648,1162
648,3
648,1477
648,1601
649,1910
649,908
649,486
649,323
649,266
650,1822
651,874
652,1813
652,1246
652,368
652,910
653,768
653,1121
653,451
653,119
653,1740
654,1847
654,1573
654,416
654,1674
654,271
654,706
655,530
655,1436
655,1822
655,1275
655,592
656,1813
656,1858
656,775
657,1605
657,1424
657,1638
657,1351
658,1853
658,1720
658,1014
658,1944
659,417
659,1939
659,544
659,1981
660,1931
660,1967
661,728
661,1459
661,1513
662,463
663,916
663,1217
663,531
663,129
663,74
663,1482
663,394
664,359
664,480
664,562
664,1241
664,7
664,1511
664,1081
665,446
665,1357
665,835
665,1007
665,1677
665,585
666,1624
666,1858
666,1616
666,1652
667,323
667,1019
667,1629
668,1420
668,1556
668,1924
668,1058
668,1630
668,1331
669,1224
669,1222
669,1221
670,1813
670,619
670,549
671,1957
671,384
671,655
671,353
671,890
672,1385
672,74
672,1119
672,343
672,1014
672,1920
672,1085
673,1434
673,1197
673,1101
673,1874
673,1441
673,437
674,372
675,1371
675,1293
675,1019
675,1454
676,1111
677,486
678,1606
678,1224
678,1119
678,506
678,1085
679,199
680,452
680,1994
680,68
680,1573
680,562
680,44
680,1369
681,1567
682,945
682,31
682,1714
683,1408
683,1037
683,304
684,364
684,1789
684,786
684,375
685,1861
685,706
685,119
685,1986
685,1680
685,775
685,1222
686,1311
686,974
687,174
687,1226
687,1755
687,416
688,1641
688,50
688,1555
688,241
689,31
689,421
689,507
689,783
689,1183
689,1920
689,1231
690,1106
690,74
690,1574
691,576
692,760
692,325
692,1481
692,33
692,1191
692,519
692,487
693,788
693,629
693,1737
693,1455
693,183
694,287
694,1789
694,1108
694,1839
694,1324
694,1226
695,204
695,1554
695,1653
695,1714
695,576
695,1755
695,1231
696,1246
696,308
696,1563
696,1867
697,415
697,367
698,1111
698,45
698,1565
698,325
699,288
700,600
700,1737
700,573
700,1084
701,335
702,317
703,119
703,1511
703,443
703,846
703,950
704,1135
704,716
704,1241
704,1689
704,1722
705,530
705,121
705,1986
705,1939
705,430
705,1609
706,1564
706,1737
706,330
706,908
706,1746
706,359
707,1738
707,1426
707,1618
707,200
708,756
708,1767
708,136
708,544
708,116
708,1455
709,1999
709,1531
709,185
709,1259
709,1924
710,1351
710,531
711,1941
711,454
711,1232
711,1380
711,679
711,728
711,1732
712,618
712,1406
712,1702
713,1867
713,1898
713,1993
713,1729
713,744
713,1321
714,675
714,1382
714,969
714,1932
714,1314
714,887
714,1433
715,1957
715,1858
715,1744
715,1147
715,310
715,426
715,527
716,1512
716,496
716,753
716,942
717,1531
717,1958
717,599
717,1941
717,694
717,1980
718,1385
718,809
718,680
718,1936
718,1058
719,514
719,1988
720,850
720,1867
720,1382
721,395
721,1053
721,421
721,1913
721,975
721,1801
722,747
722,1539
723,1238
723,846
723,820
723,77
723,756
723,330
724,760
724,1811
724,1920
724,573
725,333
725,3
725,1260
726,988
726,1273
726,1744
726,1938
726,1935
726,1574
727,1994
727,1273
727,1511
727,1537
727,1492
728,368
728,585
728,46
728,1832
728,1023
728,808
728,1466
729,793
730,1197
730,1379
730,430
730,409
730,1938
730,621
731,1613
731,1272
731,1457
731,466
731,1867
731,1294
731,991
732,1371
732,1770
732,1055
732,1697
732,988
733,395
733,1740
733,1739
733,585
733,1466
733,927
734,531
734,757
734,213
734,1609
734,1179
734,890
735,1958
735,366
735,1732
735,1714
735,1035
735,629
735,963
736,789
737,1007
737,632
737,1274
737,783
737,310
737,452
737,257
738,1455
738,1833
739,945
739,1186
739,1647
739,1616
739,1641
739,1092
740,212
741,988
742,186
742,1611
743,1920
743,890
743,523
743,716
743,818
743,426
744,415
744,580
744,1472
744,519
744,577
744,183
745,592
745,1917
746,1369
747,1593
748,728
748,328
748,293
748,112
749,1081
749,1284
749,786
749,252
749,248
750,266
750,1737
750,1588
751,1076
751,1594
752,1250
752,1055
753,991
754,943
754,260
755,975
755,1923
755,124
755,1722
755,1152
756,1556
756,1513
756,1820
756,1746
756,1454
756,209
757,330
757,1814
757,974
757,1977
758,1932
758,1551
758,257
758,368
758,932
758,846
759,825
759,323
759,556
759,1898
759,1132
759,79
760,171
760,887
760,1647
760,858
761,1830
761,1415
761,119
761,1601
761,938
761,901
761,1475
762,1492
763,174
763,1042
763,1443
763,352
763,1058
763,917
764,310
764,1811
764,888
764,1960
764,1101
764,1853
765,1079
766,1738
766,1966
766,193
767,1729
767,1358
767,597
767,632
767,745
768,1122
768,124
769,60
770,60
770,1119
770,186
770,1555
770,756
770,406
770,1132
771,1714
771,1653
771,1174
772,1861
772,124
772,1877
772,1958
773,908
773,1081
774,328
774,1245
774,908
774,60
774,1454
774,287
775,1432
775,1357
775,1183
775,589
776,945
776,486
776,591
776,1785
777,1477
777,621
777,1408
777,837
777,251
778,1593
779,197
780,251
781,395
781,1284
781,1474
781,169
782,366
782,586
782,803
782,328
782,178
782,568
782,1561
783,1426
783,1055
783,306
784,102
784,1434
784,1336
784,651
784,1636
785,679
785,603
785,293
785,1055
785,1320
786,112
786,1813
786,1608
786,52
787,1420
788,963
788,1994
788,112
788,917
788,1714
788,369
789,293
789,1465
789,1396
790,1165
791,680
791,556
791,317
791,1638
791,562
792,786
792,939
792,71
793,1030
793,1358
793,1799
793,1917
793,209
793,1121
793,275
794,1386
794,818
795,366
795,409
796,116
796,416
796,178
796,1940
797,1830
797,1357
798,312
798,1107
798,409
798,1174
798,1629
798,545
799,965
799,427
799,1207
799,1260
799,1081
800,428
800,1420
800,312
800,472
800,1217
801,1266
801,939
802,603
802,1222
802,1432
802,1492
803,293
803,1625
803,568
803,282
804,46
804,1616
804,1923
805,746
805,1711
806,1147
806,1958
806,1494
806,1106
806,119
806,307
806,1659
807,1311
807,169
808,1294
808,1426
808,1432
808,178
808,1186
808,788
809,1199
809,211
809,786
809,615
809,101
810,1246
810,481
811,528
812,1125
812,1380
812,531
812,1563
813,1938
813,1554
813,1742
813,615
813,1259
813,430
814,1711
814,917
814,1928
814,530
815,278
815,1205
815,1813
815,1420
815,1550
815,618
816,539
816,1273
816,778
816,915
816,988
816,1722
816,463
817,209
817,1839
817,480
817,1432
817,1226
817,110
818,858
818,621
818,1692
819,1081
819,368
819,731
819,1861
819,1511
819,1498
819,910
820,1462
820,44
821,999
821,82
821,1005
821,1939
822,1545
822,248
823,987
823,1677
823,59
823,1513
823,1552
824,1875
824,514
824,1331
824,479
825,1273
825,1481
826,1689
826,1455
827,1555
827,1727
827,675
827,1820
827,1647
827,1459
828,875
828,558
828,1125
829,933
829,1938
829,437
829,619
830,355
831,1186
831,1962
831,1739
831,1473
831,916
831,631
831,1801
832,486
832,1722
832,969
832,1982
832,1241
832,1361
833,1605
833,1457
833,620
833,949
834,1714
834,1999
834,100
834,293
834,1623
835,716
835,1772
836,514
836,1194
836,1135
836,1415
837,299
837,245
838,555
838,1960
838,1556
838,994
838,416
838,1531
838,1813
839,533
839,1041
839,52
840,60
840,1573
840,74
841,1180
841,1638
841,311
841,694
842,1605
842,71
842,580
842,775
842,1697
842,44
842,651
843,1563
843,1951
843,1325
844,452
844,1994
844,1482
844,721
844,1680
844,1125
845,986
845,1291
846,1692
846,614
846,901
846,193
846,1423
847,221
847,1056
847,1064
847,545
847,423
847,987
848,1920
848,1629
848,1433
848,260
849,1980
849,1088
849,974
849,1564
849,1451
849,1563
849,1434
850,1962
850,1613
850,1285
850,1594
850,301
851,124
851,1238
851,599
851,1230
851,1092
851,446
851,24
852,1199
852,1538
852,638
853,426
853,1186
853,679
854,1443
854,70
855,945
855,1702
855,544
855,221
855,552
855,366
856,904
856,917
856,1746
856,1379
856,1537
856,333
857,833
857,1207
857,746
857,74
858,1651
858,988
858,933
858,987
858,1056
858,1567
859,71
859,515
859,631
859,1371
859,1005
859,375
859,1660
860,907
860,169
860,1539
860,1714
861,237
862,888
862,1119
863,366
863,176
863,1924
863,1714
864,874
864,1963
864,1826
864,527
864,1595
865,335
865,1924
865,1539
865,1325
865,1334
865,746
865,1601
866,1395
866,1674
866,251
867,747
867,124
867,558
867,1786
867,991
868,1406
868,1941
868,988
868,974
868,933
868,304
868,323
869,195
869,1122
869,1594
869,608
869,1862
869,1567
870,942
870,1132
870,1028
871,1638
871,251
872,585
872,793
872,82
872,523
873,1272
873,1112
873,1311
874,1482
874,1533
875,1311
875,589
875,556
875,491
875,1291
876,1566
876,1625
876,940
876,1308
876,1005
876,1028
876,702
877,737
877,354
877,1962
878,482
878,1107
878,1531
878,213
878,124
878,1593
879,1320
879,1647
879,1790
879,355
880,1729
880,1351
880,24
880,369
880,1390
880,1567
881,915
881,1804
881,1238
881,1898
881,1790
882,765
882,757
883,809
883,1191
883,999
883,74
883,1084
884,1957
884,136
884,199
885,746
885,1474
885,1030
885,1053
885,1451
885,1894
886,3
886,1086
886,1465
886,1056
886,1028
886,232
887,1832
887,136
887,383
887,1472
887,1554
887,1936
887,328
888,195
889,183
890,1680
890,1125
890,608
890,1623
891,1138
891,573
892,597
892,1832
892,308
892,1647
893,364
893,1079
893,430
894,1386
894,484
895,1512
896,742
896,1226
896,986
896,875
896,437
897,603
897,1651
897,1230
897,1533
897,479
898,757
898,1867
898,1692
898,1611
898,278
898,487
898,416
899,1999
899,988
899,507
900,1346
900,1481
900,1573
901,580
901,810
901,1700
901,1472
901,136
901,1473
901,1104
902,1795
902,1594
903,1786
904,1513
904,330
904,274
904,807
904,1165
905,335
905,1433
906,1382
906,368
906,611
906,1551
906,272
906,306
907,189
907,60
907,372
907,1488
907,1555
907,1384
908,1197
908,1858
908,311
908,355
908,176
908,1616
909,1041
909,1538
910,251
910,1904
910,535
910,1346
910,82
910,446
910,463
911,716
911,1275
912,519
912,108
912,1117
912,1744
912,1323
912,355
912,745
913,7
913,1107
913,629
913,1472
914,430
914,1545
915,786
915,1979
915,169
915,323
915,1822
915,545
916,1898
916,221
916,1573
916,482
916,484
916,1839
916,553
917,1913
917,1034
918,1384
918,1494
918,1180
918,480
918,1420
918,1963
919,1678
919,846
919,290
919,1811
919,73
919,615
920,1641
920,395
921,1207
921,74
922,1660
922,835
922,116
922,820
923,119
923,255
923,340
924,530
924,988
924,1217
924,1112
924,171
924,1390
925,1186
925,1197
925,1920
925,73
925,1811
925,255
925,747
926,1138
926,70
926,910
926,906
927,1638
927,85
928,1772
928,440
928,1238
928,632
928,414
928,810
928,323
929,245
929,1977
929,1689
929,354
929,772
929,610
929,1436
930,310
930,1238
930,533
931,1058
931,1138
931,1041
931,807
932,999
932,1475
932,267
932,614
932,1940
932,197
932,591
933,705
934,1610
935,1555
935,846
936,734
936,1284
937,248
937,905
937,1019
937,364
937,1369
938,694
939,1323
939,66
939,1455
939,108
939,632
939,1813
939,1038
940,536
940,651
940,963
941,70
941,908
941,367
941,1552
941,1822
941,950
941,556
942,1274
942,1019
942,1815
943,211
943,594
943,1199
943,1358
943,1720
943,1222
944,1858
944,439
944,1230
944,1795
944,446
944,1138
944,1873
945,772
945,1406
945,440
945,1132
945,176
945,1923
946,1432
946,304
946,757
946,1789
946,850
947,1459
948,915
948,707
948,1689
948,149
949,71
949,312
949,1877
949,536
949,915
949,1568
949,856
950,1119
950,1853
950,621
950,963
951,136
951,830
951,483
952,60
952,498
952,1055
952,1811
953,367
953,938
954,1935
954,1069
955,1023
955,1755
955,793
955,708
955,1648
955,33
955,409
956,1667
956,1813
956,1711
956,1817
956,1729
957,1327
957,248
957,507
957,1600
958,507
958,1085
958,721
958,262
958,465
958,1786
958,1593
959,615
959,933
959,562
959,974
959,1660
960,1729
961,1274
961,1539
961,1660
961,1503
962,59
962,1473
962,237
963,381
963,756
963,1564
964,1327
965,1982
965,721
966,33
966,1243
967,299
967,200
968,942
968,1513
968,808
968,1653
969,1648
969,1054
969,101
969,200
969,1680
970,129
971,679
971,1537
971,711
971,556
971,1293
971,7
972,1940
972,1904
972,618
972,1538
972,443
972,1762
972,1738
973,142
973,629
973,498
973,1266
973,1498
973,1324
973,825
974,7
974,1545
974,530
974,544
975,417
975,1097
975,514
976,629
976,721
976,1293
976,330
976,820
977,1638
977,1932
977,1119
977,507
977,942
978,1191
978,171
978,926
978,1035
979,479
979,907
979,1874
980,1702
980,189
980,1977
980,46
980,354
981,209
981,810
981,1030
981,1112
982,1085
982,430
982,1086
983,1885
983,430
983,986
983,1826
983,694
983,1991
984,1241
984,1420
984,1174
984,1660
985,1455
985,1830
985,1086
985,480
985,988
985,1484
986,375
986,756
986,1492
987,694
988,1465
988,121
988,1406
988,257
988,744
988,1993
989,1327
989,533
989,1877
989,756
989,1678
989,1348
989,176
990,905
990,1132
991,632
991,479
991,680
991,174
992,519
992,46
992,1531
992,125
993,1991
993,621
993,430
993,1434
994,298
994,484
994,1234
994,1474
995,1557
996,722
996,330
996,1670
996,1101
996,553
996,950
997,1042
997,1861
998,1415
998,1238
998,3
998,681
998,406
998,1619
998,232
999,1030
999,1606
999,1112
999,368
999,472
999,1979
1000,1041
1000,1727
1001,558
1001,169
1001,364
1001,745
1001,1600
1002,1166
1003,251
1003,1387
1004,1822
1004,1557
1005,1689
1005,1477
1005,1266
1006,66
1006,275
1006,1037
1006,1877
1006,1420
1006,1104
1007,1054
1007,238
1007,345
1008,353
1009,409
1010,287
1010,1875
1011,1928
1011,1513
1011,975
1012,1557
1012,354
1012,991
1013,1714
1013,558
1014,1789
1014,257
1014,227
1014,1928
1014,1034
1014,631
1014,1804
1015,975
1015,1960
1016,421
1016,906
1016,262
1016,1650
1016,721
1017,539
1017,1650
1017,1424
1017,932
1018,1813
1018,60
1018,1799
1018,409
1018,1565
1018,1939
1019,330
1020,274
1021,298
1021,267
1021,178
1021,1698
1021,988
1022,199
1022,273
1022,414
1022,568
1022,514
1022,381
1022,917
1023,1702
1023,1941
1023,266
1024,1384
1024,1692
1024,221
1024,1321
1024,1636
1024,1933
1025,317
1025,586
1025,136
1025,907
1025,1659
1025,1011
1025,426
1026,1606
1026,1275
1026,1166
1026,189
1027,608
1027,1311
1027,888
1027,1860
1027,1396
1027,1035
1027,580
1028,1290
1028,186
1028,711
1029,287
1029,1702
1029,1994
1029,905
1029,716
1030,71
1030,1804
1030,1885
1030,988
1030,531
1031,1125
1031,728
1031,1991
1031,1236
1031,1432
1032,1551
1033,1609
1034,169
1034,788
1034,950
1035,437
1035,1813
1035,211
1035,987
1035,594
1035,1335
1036,1830
1036,1874
1036,1465
1036,293
1036,276
1036,383
1036,1795
1037,1623
1037,950
1038,1819
1039,966
1039,1348
1039,1551
1039,73
1039,1874
1039,1665
1040,1566
1040,1180
1040,323
1040,1441
1041,1462
1041,742
1041,1207
1041,427
1041,520
1041,24
1041,533
1042,1482
1042,1245
1042,571
1042,734
1043,945
1043,169
1043,1630
1043,293
1044,1086
1044,1462
1044,1279
1044,514
1044,1135
1044,1250
1044,1979
1045,1991
1045,1720
1045,591
1045,72
1045,362
1045,1737
1045,79
1046,1034
1046,611
1046,304
1046,1028
1046,174
1047,942
1047,1382
1047,1923
1048,3
1048,1014
1048,545
1048,1415
1048,1358
1048,293
1048,1936
1049,620
1049,1613
1049,169
1049,1194
1049,1245
1050,1605
1050,1979
1050,788
1050,901
1051,707
1051,1873
1051,1090
1051,589
1052,818
1052,1687
1052,1007
1052,1680
1052,939
1052,1138
1052,592
1053,600
1053,1484
1053,1308
1053,1443
1053,421
1054,778
1054,1294
1054,591
1054,479
1055,507
1055,1677
1055,64
1055,1365
1056,1913
1056,586
1056,1613
1057,515
1057,1152
1057,1944
1057,288
1058,544
1058,1678
1058,495
1058,1665
1058,1629
1059,1224
1059,1371
1059,803
1059,454
1059,1434
1060,1615
1060,307
1060,355
1060,1481
1060,942
1060,1814
1060,325
1061,1234
1061,382
1062,1321
1062,266
1062,1564
1062,781
1063,1252
1063,1967
1063,1814
1063,1420
1063,1700
1063,73
1063,79
1064,353
1064,381
1065,734
1065,1670
1065,611
1065,1924
1065,1537
1065,311
1065,515
1066,1108
1066,1544
1066,273
1066,1481
1066,1186
1066,539
1066,1290
1067,781
1067,1217
1067,544
1067,1702
1067,1544
1067,1084
1068,1408
1068,620
1068,1868
1068,1426
1068,409
1069,1252
1069,72
1070,1097
1070,1465
1070,71
1070,1147
1070,1386
1070,1814
1071,1472
1071,136
1071,591
1071,1513
1072,585
1073,1358
1073,308
1073,731
1074,835
1074,64
1074,875
1074,1459
1074,364
1074,1920
1075,486
1075,1260
1075,1814
1075,1104
1076,1799
1076,1455
1077,304
1077,737
1078,781
1078,1811
1078,1542
1078,1250
1078,1675
1078,539
1078,1861
1079,945
1079,1107
1079,306
1079,1839
1079,1935
1079,124
1080,975
1080,1830
1080,825
1080,71
1080,1199
1080,1007
1080,1687
1081,965
1081,171
1082,1252
1082,1481
1082,722
1082,1574
1082,1714
1082,1358
1083,1544
1083,1552
1083,1335
1083,652
1083,1382
1084,45
1084,1924
1084,1714
1084,1785
1085,3
1085,330
1086,555
1087,807
1087,904
1087,1424
1087,1595
1088,619
1088,1727
1088,679
1088,1762
1088,519
1089,1285
1089,271
1089,1588
1089,369
1089,275
1089,986
1089,803
1090,1651
1090,443
1090,1461
1090,693
1091,204
1091,272
1091,79
1091,293
1091,1379
1091,734
1092,1273
1092,1811
1092,1982
1092,1351
1092,1034
1092,52
1093,1433
1093,986
1093,507
1093,333
1093,495
1094,1236
1094,1385
1094,875
1094,362
1094,1623
1095,340
1095,1962
1095,1133
1096,1910
1096,178
1096,615
1097,1122
1098,809
1098,330
1099,907
1099,1675
1099,1744
1099,1767
1099,1711
1099,483
1099,1687
1100,1920
1100,1993
1100,1711
1100,882
1101,1481
1101,1426
1102,1988
1102,332
1102,421
1102,174
1103,1605
1104,931
1105,1125
1105,1426
1105,1107
1105,1941
1106,1462
1106,355
1106,1820
1106,568
1106,539
1107,781
1107,343
1107,987
1108,994
1108,412
1108,1308
1108,426
1108,1494
1108,1161
1108,1999
1109,904
1109,1259
1109,375
1109,52
1110,1785
1110,1092
1110,758
1110,1291
1110,197
1111,979
1111,1651
1111,1624
1111,272
1112,1739
1112,1740
1112,1041
1112,381
1113,963
1113,100
1113,209
1113,614
1113,495
1113,882
1114,889
1114,1913
1114,108
1114,200
1115,293
1115,1293
1115,414
1115,171
1116,311
1116,1441
1116,1097
1116,945
1117,304
1117,533
1117,1613
1117,611
1117,888
1117,1979
1117,1862
1118,1162
1118,1999
1118,1531
1118,1385
1118,555
1119,1380
1120,1260
1120,1814
1120,307
1120,1605
1120,1311
1120,377
1121,1564
1121,1054
1121,1472
1122,693
1122,260
1122,1101
1123,1451
1123,193
1123,1610
1123,1924
1123,1121
1124,1238
1124,1351
1124,1266
1124,1259
1124,1086
1125,1482
1125,304
1125,1092
1125,858
1126,1346
1126,1436
1126,287
1126,437
1126,1415
1126,549
1126,1554
1127,803
1128,1360
1128,1711
1128,1928
1128,415
1128,1729
1128,52
1129,1037
1130,768
1130,1224
1131,1653
1131,1538
1131,1722
1131,1554
1131,317
1131,681
1131,713
1132,1594
1133,850
1133,808
1133,987
1133,652
1133,1320
1133,414
1133,1174
1134,1564
1134,1457
1134,1125
1134,1234
1134,1085
1134,240
1134,169
1135,178
1135,1436
1135,171
1135,70
1136,1610
1136,933
1137,1744
1137,1323
1137,496
1137,1406
1137,1941
1138,915
1138,1488
1138,1441
1138,544
1138,793
1138,519
1138,1119
1139,136
1139,311
1139,1858
1139,394
1140,618
1140,1165
1140,171
1140,1199
1140,1035
1140,1324
1141,1455
1141,1424
1141,1379
1141,452
1141,1569
1141,1238
1142,101
1142,675
1142,171
1142,484
1142,189
1142,507
1143,778
1143,317
1143,325
1143,1092
1143,1977
1143,142
1143,527
1144,1568
1144,746
1144,241
1144,1014
1144,353
1144,112
1144,825
1145,1898
1145,585
1146,1875
1146,1056
1146,1086
1146,966
1147,1537
1147,1415
1147,1768
1147,1231
1147,573
1148,72
1148,362
1149,1619
1149,169
1149,612
1149,1360
1150,756
1150,681
1150,1133
1151,1273
1151,487
1151,927
1151,545
1151,1935
1152,1084
1152,1958
1153,480
1153,966
1153,1720
1154,1623
1154,515
1154,290
1155,176
1155,1273
1156,1885
1157,7
1158,632
1158,1936
1158,1638
1158,1647
1159,1365
1159,1335
1160,1813
1160,451
1160,1677
1160,183
1160,1551
1160,178
1160,1482
1161,1117
1161,1030
1162,1481
1162,632
1162,1999
1163,1456
1163,1651
1163,611
1164,858
1164,1101
1164,68
1164,1117
1164,705
1164,766
1164,384
1165,1767
1165,498
1165,1605
1165,974
1165,753
1165,1205
1165,306
1166,1014
1166,333
1166,1783
1166,72
1166,481
1166,933
1167,945
1167,1738
1167,183
1168,1498
1168,1742
1168,994
1168,949
1168,443
1169,176
1170,1314
1170,597
1170,240
1170,1811
1171,1197
1171,1941
1171,1555
1171,808
1172,1554
1172,1619
1173,1054
1173,1038
1173,1147
1174,1266
1174,496
1174,887
1174,974
1174,1610
1174,520
1174,1826
1175,353
1175,332
1175,994
1175,1720
1175,412
1175,1566
1175,1406
1176,1238
1176,79
1177,994
1178,437
1178,1939
1178,1873
1178,1680
1178,1994
1178,149
1178,68
1179,722
1179,1323
1179,1574
1179,1801
1179,1231
1180,1423
1180,1519
1180,1408
1180,1513
1180,1556
1180,1547
1180,332
1181,100
1181,1092
1181,45
1181,204
1181,1874
1181,426
1181,1325
1182,1860
1183,1465
1183,189
1184,176
1184,681
1184,174
1185,803
1185,79
1186,553
1186,1847
1186,290
1187,1465
1187,1064
1187,681
1188,30
1188,963
1188,1957
1188,1557
1188,354
1188,1933
1188,1670
1189,24
1189,72
1189,1042
1189,1957
1189,1079
1189,830
1189,837
1190,1007
1190,1861
1190,1999
1190,1739
1190,721
1190,1867
1191,1348
1191,426
1192,212
1192,728
1192,1566
1192,1610
1192,1179
1193,783
1193,31
1193,1426
1193,1101
1193,472
1193,1898
1194,1957
1194,530
1195,1742
1196,1390
1197,74
1197,937
1197,1259
1197,610
1197,129
1197,293
1197,573
1198,1853
1198,519
1198,508
1198,1680
1199,59
1200,323
1200,520
1200,189
1200,1385
1200,1424
1200,1795
1201,610
1202,1935
1202,1492
1202,556
1202,746
1202,1014
1202,756
1202,987
1203,874
1203,1037
1204,1197
1204,1555
1204,1086
1204,221
1204,60
1204,1762
1204,1853
1205,1623
1205,298
1206,1853
1206,507
1206,1132
1206,1475
1206,1912
1207,1199
1208,1552
1208,70
1208,234
1208,1064
1208,1923
1209,603
1209,119
1209,1426
1209,1722
1209,1325
1210,414
1211,102
1211,1174
1212,414
1212,694
1212,1569
1213,1600
1213,240
1213,1990
1213,1055
1213,786
1213,1795
1213,30
1214,1279
1214,299
1214,1567
1215,479
1215,1041
1215,1641
1216,987
1216,1380
1216,487
1216,1593
1216,711
1217,906
1217,1675
1217,1960
1217,1740
1217,1537
1217,383
1217,1648
1218,1132
1218,1600
1218,237
1219,359
1219,1894
1219,416
1219,240
1219,1484
1219,1055
1220,323
1220,1551
1220,1689
1220,1241
1221,1252
1221,507
1221,1675
1221,1069
1222,1238
1222,1174
1222,1492
1222,1811
1222,615
1222,1977
1223,1795
1223,515
1223,1618
1223,1112
1223,810
1224,1839
1224,1147
1225,355
1226,1556
1226,1081
1226,266
1226,1336
1226,3
1226,276
1226,1466
1227,1086
1227,176
1227,706
1227,536
1227,1785
1227,274
1227,582
1228,875
1228,1746
1228,577
1228,1450
1228,1853
1229,366
1229,1224
1229,1285
1230,1482
1231,1533
1231,1762
1231,366
1231,1014
1231,614
1231,1466
1232,863
1232,1462
1233,618
1233,101
1233,288
1234,1977
1234,597
1234,737
1234,406
1234,1492
1234,271
1235,1104
1235,679
1235,1361
1235,1594
1236,531
1236,340
1236,1324
1236,1675
1237,535
1237,1862
1237,423
1237,1456
1237,1481
1238,1323
1238,539
1239,375
1239,1826
1239,705
1239,494
1239,910
1239,926
1239,573
1240,632
1240,1770
1240,592
1240,428
1240,1870
1240,1327
1240,562
1241,406
1241,1511
1241,599
1241,1324
1241,30
1242,1913
1242,1266
1242,364
1242,1982
1242,85
1242,406
1243,1960
1243,1561
1244,1512
1244,1925
1244,1492
1244,1335
1244,1702
1245,1423
1246,1436
1246,1720
1246,1551
1246,1477
1246,66
1247,195
1247,1498
1247,707
1247,1938
1247,1365
1247,1877
1247,1475
1248,416
1248,1058
1248,1993
1248,573
1248,1966
1248,1482
1248,237
1249,112
1250,260
1250,1746
1251,631
1252,1738
1253,1885
1253,288
1253,136
1253,820
1253,108
1254,1873
1255,1279
1255,549
1255,1108
1256,1226
1256,262
1256,939
1257,1014
1257,766
1258,1757
1258,446
1258,1166
1259,1552
1259,240
1259,482
1259,1993
1259,1246
1260,383
1261,586
1262,533
1262,1331
1263,1636
1263,591
1263,72
1263,1205
1263,1014
1263,1360
1263,59
1264,74
1265,52
1266,325
1267,874
1267,975
1268,1641
1268,193
1268,1413
1269,1875
1269,479
1269,1246
1269,1503
1269,1380
1269,837
1270,1238
1270,1117
1270,1224
1271,375
1271,343
1271,1531
1271,716
1272,116
1272,1226
1272,591
1272,271
1272,582
1273,440
1273,1336
1273,125
1273,856
1274,351
1274,1459
1275,1860
1275,987
1276,932
1276,423
1276,272
1276,1993
1276,1423
1276,1327
1277,1746
1277,1755
1277,171
1278,299
1278,1867
1278,1982
1278,1711
1278,1465
1278,612
1279,112
1279,1358
1279,272
1279,1238
1279,1199
1279,428
1280,195
1281,1152
1281,382
1281,887
1281,1531
1282,486
1282,1161
1283,1554
1283,1205
1283,507
1283,45
1283,1302
1284,994
1284,904
1284,68
1284,788
1285,728
1285,1166
1285,496
1285,1243
1285,850
1286,266
1286,1819
1286,1993
1286,1689
1286,112
1286,227
1287,803
1287,746
1287,1641
1287,1380
1287,353
1288,1647
1288,707
1288,171
1288,354
1288,555
1288,1815
1288,116
1289,1813
1289,1236
1289,675
1290,345
1290,176
1290,1967
1291,1037
1291,562
1291,1674
1291,1667
1291,46
1292,299
1292,1238
1292,68
1292,1331
1293,1567
1293,1641
1293,1566
1294,875
1294,608
1294,1380
1294,1112
1295,335
1295,825
1295,1380
1296,1999
1297,671
1297,367
1298,1832
1299,416
1300,940
1300,183
1301,1384
1301,1454
1301,427
1302,880
1302,1556
1302,483
1303,915
1304,1768
1304,1058
1304,213
1305,310
1305,949
1305,199
1305,1179
1305,1940
1306,1241
1306,498
1306,496
1306,1547
1306,880
1307,1624
1307,101
1307,837
1308,1511
1308,199
1308,1928
1308,1545
1308,185
1309,945
1309,171
1309,1538
1309,1737
1309,1867
1309,711
1309,1041
1310,333
1310,1320
1311,328
1312,1867
1312,1314
1312,966
1313,323
1313,1055
1313,1030
1313,1564
1313,1993
1313,439
1314,412
1315,1610
1315,45
1316,1600
1317,766
1317,1441
1317,1689
1318,555
1318,108
1319,1678
1319,1380
1319,1962
1319,1472
1319,311
1319,1941
1320,1563
1320,1311
1321,558
1321,1830
1321,933
1321,1475
1321,1413
1321,1544
1321,1939
1322,1874
1322,481
1322,1648
1322,1655
1322,221
1323,1494
1323,721
1323,1473
1324,1613
1324,1433
1325,632
1325,439
1326,287
1326,1533
1326,193
1326,1848
1326,949
1326,439
1327,932
1327,707
1327,282
1327,1873
1327,1090
1327,1618
1327,1085
1328,1224
1328,262
1328,290
1328,169
1328,1166
1328,905
1329,1108
1330,737
1330,1988
1330,1533
1330,1511
1330,1053
1331,558
1331,549
1331,1092
1331,1551
1331,287
1331,1325
1331,933
1332,484
1333,945
1333,1555
1333,1692
1333,1274
1333,1384
1333,833
1333,1729
1334,1539
1334,1615
1334,427
1334,1081
1334,1610
1334,803
1334,1847
1335,479
1335,594
1336,1960
1336,1432
1336,1272
1336,142
1336,584
1336,1454
1336,1986
1337,328
1337,1906
1338,835
1339,481
1340,271
1340,1465
1341,1938
1341,1574
1342,744
1342,1544
1342,1601
1342,212
1342,452
1343,362
1343,576
1343,908
1343,1426
1343,304
1343,1783
1343,1434
1344,1056
1344,615
1345,1323
1345,722
1345,108
1345,890
1345,694
1345,742
1346,908
1346,695
1347,1293
1347,1982
1347,1697
1348,1559
1348,1285
1348,1236
1348,520
1348,1676
1348,1990
1348,576
1349,1944
1349,974
1349,1275
1349,1615
1350,1294
1350,1385
1350,1232
1350,1655
1351,406
1351,257
1352,307
1352,414
1352,1462
1352,1820
1352,1058
1353,942
1353,328
1353,1986
1354,820
1354,746
1355,1932
1355,519
1355,1488
1356,562
1357,760
1357,1481
1357,1152
1357,1433
1357,1194
1357,366
1357,1565
1358,927
1358,1205
1358,112
1358,1858
1358,416
1359,1246
1359,1687
1359,204
1359,1924
1360,340
1360,1424
1360,1474
1361,1162
1361,213
1361,1386
1361,1125
1361,1730
1361,1783
1362,1789
1362,603
1362,307
1362,1732
1362,1697
1362,1084
1363,783
1363,1132
1364,858
1365,3
1365,1369
1365,1568
1365,1609
1365,251
1366,414
1366,1384
1366,1678
1366,183
1366,910
1366,1622
1366,355
1367,480
1367,1119
1367,1285
1367,1199
1367,988
1367,1925
1368,1038
1368,1594
1368,85
1369,1799
1370,945
1370,1314
1370,768
1370,82
1370,1457
1370,556
1371,808
1371,197
1371,549
1372,1702
1372,1472
1372,355
1373,437
1373,1166
1373,1958
1373,655
1373,1005
1373,1826
1373,582
1374,888
1374,1861
1374,240
1375,612
1375,366
1375,7
1375,1982
1375,421
1376,746
1376,1092
1376,549
1376,1243
1376,1678
1377,655
1377,1056
1377,171
1377,85
1378,355
1378,611
1378,1494
1379,308
1380,1730
1380,555
1380,1492
1380,317
1380,1698
1380,612
1381,1720
1381,1722
1382,275
1382,778
1382,1938
1383,430
1383,64
1383,288
1383,651
1384,803
1384,484
1384,1692
1384,586
1384,1462
1384,675
1385,1674
1385,1692
1385,1331
1385,1740
1385,1284
1385,149
1386,809
1386,783
1386,33
1386,1789
1386,213
1386,702
1386,731
1387,707
1387,1906
1387,1335
1387,1677
1387,1963
1388,1041
1388,45
1388,1744
1388,1038
1389,1236
1389,744
1389,437
1389,600
1390,102
1390,199
1390,655
1391,1272
1391,716
1391,1910
1392,1041
1393,465
1394,1034
1394,1348
1394,1660
1394,904
1395,584
1396,835
1396,926
1396,282
1396,1222
1396,1862
1396,1325
1397,1542
1398,72
1398,856
1399,409
1400,437
1400,1112
1400,211
1400,355
1401,494
1401,882
1401,213
1402,1379
1402,1687
1402,1563
1402,938
1402,965
1403,820
1403,483
1403,1722
1404,183
1404,904
1404,1551
1404,174
1405,1746
1405,495
1405,1785
1405,1380
1405,112
1405,1207
1405,255
1406,931
1406,1413
1406,915
1406,1689
1406,465
1407,907
1407,275
1407,325
1407,1732
1407,549
1407,240
1408,1053
1408,209
1409,1492
1409,1568
1409,481
1409,1358
1410,753
1410,1925
1410,1481
1410,290
1411,728
1411,1732
1411,1205
1411,1351
1411,608
1411,1811
1412,260
1412,1207
1412,506
1412,781
1413,50
1413,310
1413,594
1414,1904
1414,514
1414,1568
1414,1125
1414,1498
1414,1191
1415,1035
1415,382
1415,1230
1415,1335
1415,1498
1415,631
1415,1511
1416,608
1416,1323
1416,1053
1416,307
1416,1226
1417,1700
1417,1408
1418,632
1419,116
1419,369
1419,395
1419,443
1419,949
1420,1085
1420,1272
1420,786
1420,788
1420,1692
1420,1423
1420,1371
1421,312
1421,1557
1421,221
1421,1272
1422,830
1422,745
1422,1122
1422,863
1422,1038
1422,910
1422,1260
1423,632
1423,1958
1423,586
1423,1722
1424,335
1424,1519
1424,1459
1424,1084
1425,737
1425,406
1425,611
1425,679
1425,240
1425,1135
1425,999
1426,1711
1426,1053
1426,1833
1426,1007
1427,328
1427,1308
1427,1877
1427,1600
1427,240
1427,940
1427,539
1428,1030
1428,427
1429,1636
1429,584
1429,1920
1430,343
1430,1081
1430,1290
1430,1714
1430,1011
1431,1967
1431,465
1432,366
1432,1084
1433,1085
1433,1933
1434,1986
1434,16
1435,1380
1435,1898
1435,825
1435,975
1435,71
1435,332
1435,1042
1436,124
1436,1369
1437,1542
1437,915
1438,1324
1438,1537
1439,307
1439,1917
1439,789
1440,1746
1440,1166
1440,875
1441,1746
1441,1853
1441,1434
1441,1928
1441,1647
1441,421
1442,1556
1442,1622
1443,1692
1443,237
1443,1557
1443,52
1444,1625
1445,423
1445,1960
1446,1944
1446,1606
1446,1958
1446,335
1446,299
1447,1334
1447,1058
1447,178
1447,1817
1447,287
1448,1738
1448,183
1449,1133
1449,186
1449,317
1449,597
1449,880
1449,1475
1449,1314
1450,757
1450,382
1450,1795
1451,1569
1451,185
1451,1230
1451,1894
1451,204
1451,1323
1452,1873
1452,1564
1452,1132
1452,273
1452,354
1453,57
1453,1252
1453,251
1454,544
1454,603
1454,1739
1454,1385
1454,1994
1454,1461
1454,1252
1455,621
1456,1041
1456,328
1456,926
1456,1786
1457,1107
1457,395
1457,706
1458,603
1458,1742
1458,1380
1458,1659
1458,1740
1459,1981
1459,85
1459,1608
1459,530
1459,737
1459,833
1460,576
1461,290
1461,1104
1461,905
1461,706
1461,174
1461,939
1461,1291
1462,1019
1462,926
1462,1138
1462,212
1463,1700
1463,1293
1463,536
1463,781
1463,1512
1463,50
1464,1081
1464,975
1464,778
1464,1085
1464,1207
1464,232
1465,1221
1465,1811
1465,577
1466,211
1466,1232
1466,287
1466,343
1467,1055
1467,1742
1467,783
1467,1232
1467,178
1467,232
1467,1217
1468,1327
1469,1135
1470,372
1470,1772
1471,1361
1471,1290
1472,417
1472,1386
1472,332
1473,278
1473,728
1473,757
1473,1729
1473,149
1474,71
1474,1076
1475,1420
1475,966
1475,1037
1476,101
1476,1512
1476,1925
1476,1636
1477,558
1478,1567
1478,409
1479,171
1479,1498
1479,1554
1480,1904
1480,716
1480,1384
1480,1847
1480,1714
1480,1222
1480,830
1481,1058
1481,835
1481,1346
1481,1415
1481,1647
1481,638
1482,335
1482,24
1482,1839
1482,312
1482,332
1482,121
1483,1770
1484,756
1484,508
1484,994
1484,1932
1485,1384
1485,874
1486,988
1486,1336
1487,415
1487,945
1487,68
1487,1785
1488,498
1488,1331
1488,255
1488,1451
1488,1629
1488,584
1489,1191
1489,1624
1489,1224
1489,299
1489,1629
1490,835
1490,1035
1490,940
1491,1392
1491,121
1491,887
1491,1454
1492,30
1492,747
1492,351
1492,963
1492,781
1492,1804
1493,1226
1494,71
1495,1554
1495,423
1495,1217
1495,1420
1495,1834
1495,1166
1495,237
1496,788
1496,591
1496,1308
1496,753
1496,394
1497,1737
1497,708
1497,945
1497,466
1497,731
1497,655
1497,1503
1498,248
1498,1531
1498,1119
1498,176
1499,655
1499,1135
1499,721
1499,1958
1499,112
1499,1475
1500,112
1500,1371
1500,904
1501,1348
1501,937
1501,257
1501,1833
1502,1076
1502,1739
1502,482
1502,890
1502,417
1503,536
1503,1928
1503,199
1503,486
1503,1243
1503,1423
1503,57
1504,227
1504,330
1505,1848
1505,1117
1505,1538
1505,498
1505,988
1505,328
1505,1790
1506,1090
1506,693
1506,1830
1506,584
1506,1112
1506,1545
1506,1302
1507,1913
1507,1380
1507,1550
1507,1108
1507,850
1507,1804
1507,1455
1508,1799
1508,788
1508,437
1508,744
1508,1574
1508,1477
1509,1097
1509,580
1509,1625
1509,209
1510,1609
1510,234
1510,1252
1510,1379
1510,830
1511,536
1511,931
1511,1174
1511,1744
1511,452
1512,1638
1512,1622
1513,1285
1513,1346
1513,101
1513,290
1513,368
1514,506
1514,1455
1514,1732
1514,1799
1514,119
1514,1205
1514,417
1515,124
1515,1007
1515,1135
1516,1868
1516,1492
1516,417
1516,1079
1516,1221
1517,102
1517,416
1517,1651
1517,394
1517,1179
1517,1058
1517,199
1518,116
1518,1457
1519,600
1519,1799
1519,255
1519,608
1519,1236
1519,183
1519,820
1520,1618
1520,597
1520,1677
1520,1567
1520,16
1520,1692
1521,1291
1521,199
1521,988
1521,1180
1521,186
1521,1991
1521,1610
1522,1991
1522,354
1522,1285
1522,197
1523,328
1523,299
1523,1815
1523,1231
1523,1958
1524,1030
1524,238
1524,287
1524,756
1524,1186
1525,742
1525,552
1525,734
1526,1928
1526,1293
1527,1867
1527,1348
1528,1434
1528,1885
1528,31
1528,484
1528,1861
1528,988
1529,1977
1529,1963
1530,603
1530,372
1531,1538
1531,383
1531,1957
1531,1092
1531,1574
1531,498
1532,621
1532,1920
1533,1737
1534,317
1534,1064
1534,1321
1534,1595
1535,744
1535,1382
1535,176
1535,746
1535,808
1536,562
1536,1135
1536,1053
1536,830
1536,1629
1537,423
1537,1799
1537,1132
1537,102
1537,760
1538,753
1538,1481
1538,1395
1539,1007
1539,33
1540,101
1540,582
1540,364
1540,288
1541,1392
1541,530
1541,591
1541,1441
1541,721
1542,287
1542,1387
1542,1729
1542,927
1542,466
1542,1822
1543,1588
1543,430
1544,680
1544,1327
1545,568
1545,491
1546,1615
1546,1384
1546,1222
1547,1606
1547,1714
1547,1293
1547,1090
1548,1042
1548,1101
1548,1037
1548,1224
1548,433
1548,1981
1549,916
1549,293
1549,362
1549,1638
1549,200
1550,506
1551,1457
1551,498
1551,1058
1551,1874
1551,1555
1551,33
1551,1848
1552,3
1552,30
1552,1390
1553,695
1553,1279
1553,368
1553,1205
1553,304
1553,1451
1554,213
1554,227
1554,1638
1554,1982
1554,969
1554,238
1554,1636
1555,1034
1555,1647
1555,514
1556,31
1557,372
1557,251
1557,1408
1558,939
1558,1811
1558,1432
1558,620
1558,1205
1559,1928
1559,1423
1559,705
1559,174
1560,1492
1560,1011
1560,905
1560,1325
1561,916
1561,1727
1561,1588
1561,434
1561,722
1562,1041
1562,163
1562,125
1562,1830
1562,1293
1563,783
1563,552
1563,1697
1563,1595
1564,1610
1564,531
1564,395
1564,227
1564,803
1564,1014
1565,1539
1565,307
1565,1822
1565,414
1565,655
1566,835
1566,1913
1566,1977
1566,1623
1566,483
1566,1076
1566,1081
1567,1650
1567,585
1567,1186
1568,1687
1568,299
1568,1556
1568,1874
1569,1595
1570,1951
1571,1351
1571,282
1571,381
1571,310
1571,487
1572,169
1573,1308
1574,945
1574,204
1574,330
1574,421
1575,966
1575,1037
1575,1279
1576,304
1576,479
1577,1302
1578,1722
1578,368
1578,1092
1578,335
1578,1194
1579,1433
1579,1327
1580,1450
1581,1454
1581,721
1581,1361
1581,1104
1581,1568
1581,945
1581,57
1582,311
1582,1424
1582,1361
1583,1877
1583,1336
1583,1547
1583,615
1583,711
1583,1641
1584,1183
1585,1245
1585,1557
1585,451
1585,136
1585,1104
1586,368
1586,1674
1586,888
1586,1226
1586,325
1586,1053
1586,245
1587,1107
1587,266
1587,708
1588,1382
1588,933
1588,707
1588,760
1588,1833
1589,810
1589,610
1589,1498
1589,72
1589,1665
1590,1152
1590,1396
1590,1450
1590,916
1590,850
1591,204
1591,1822
1591,1285
1591,963
1591,562
1592,1041
1592,409
1592,1279
1592,1993
1592,1641
1593,1382
1593,584
1593,1539
1594,1925
1594,945
1594,1624
1594,1293
1595,211
1595,632
1595,1994
1595,60
1595,1174
1595,1804
1595,273
1596,1245
1596,1609
1596,330
1597,1482
1597,1790
1597,757
1597,986
1598,1623
1598,87
1598,112
1598,1390
1598,427
1598,731
1598,275
1599,1112
1599,793
1599,221
1599,693
1599,969
1599,1982
1600,507
1600,1194
1600,183
1601,255
1601,880
1601,72
1601,454
1601,1488
1602,260
1602,583
1602,1957
1603,1542
1603,708
1603,702
1604,1601
1604,1885
1604,1161
1604,850
1605,328
1605,1433
1605,786
1606,1651
1606,611
1606,1768
1606,747
1606,1867
1606,189
1607,1746
1607,969
1607,1434
1607,384
1607,1311
1607,1833
1607,882
1608,722
1608,1161
1608,209
1609,330
1610,479
1610,910
1610,1112
1610,1608
1610,1739
1611,1874
1611,1847
1611,366
1611,695
1611,427
1612,1538
1613,1466
1613,440
1613,293
1613,354
1613,24
1613,200
1614,1234
1614,1539
1614,1273
1615,1702
1615,417
1616,1498
1616,430
1616,57
1617,850
1617,116
1617,1107
1617,1392
1617,1413
1618,1023
1618,1275
1618,200
1618,585
1618,1648
1618,530
1618,863
1619,533
1619,1674
1619,1539
1619,498
1619,367
1619,1260
1619,60
1620,381
1620,1380
1620,940
1621,1820
1621,1323
1622,889
1623,1472
1623,328
1623,874
1623,1392
1623,890
1624,240
1624,1028
1625,1820
1625,1923
1626,82
1626,927
1627,308
1627,33
1627,1441
1627,1939
1628,1885
1629,1314
1629,1432
1629,1122
1629,383
1629,1650
1630,1179
1631,632
1631,600
1631,299
1631,240
1631,174
1631,937
1632,1606
1632,906
1632,3
1632,1459
1633,428
1633,3
1633,484
1633,301
1633,1870
1633,536
1634,1207
1634,1101
1634,1647
1634,1092
1634,1552
1635,1940
1635,1348
1635,59
1636,325
1636,1629
1636,793
1636,1395
1636,1259
1636,1320
1636,1986
1637,1941
1638,1465
1638,1007
1638,1711
1638,1285
1639,1714
1639,942
1639,858
1640,786
1640,1104
1640,169
1640,963
1640,1875
1640,1933
1641,495
1641,742
1641,1390
1641,1161
1642,1567
1642,1979
1642,1625
1642,112
1642,288
1643,1291
1643,1325
1643,266
1643,1564
1643,882
1643,1898
1644,1539
1644,406
1644,494
1644,679
1644,219
1644,1910
1644,212
1645,1111
1646,312
1646,1990
1646,610
1646,1385
1647,415
1647,1569
1647,1252
1647,1484
1647,1125
1647,1475
1647,1498
1648,372
1648,100
1648,1450
1648,515
1648,1623
1648,440
1649,708
1649,1990
1649,1379
1649,1860
1649,1917
1650,746
1650,655
1650,1944
1650,287
1651,415
1651,695
1652,558
1652,287
1652,68
1652,765
1652,1981
1652,189
1653,1473
1653,332
1653,1360
1653,519
1653,394
1653,905
1654,1616
1654,991
1654,1563
1654,426
1654,1472
1654,1957
1655,163
1656,1830
1656,1346
1656,416
1656,1565
1656,440
1656,508
1656,496
1657,298
1657,1655
1657,621
1657,1944
1657,1231
1657,1194
1657,275
1658,430
1658,765
1658,372
1658,1415
1658,1613
1658,1426
1659,745
1659,927
1659,288
1659,1327
1659,290
1659,1125
1660,323
1660,1935
1661,116
1661,614
1661,494
1661,1569
1662,1119
1662,1432
1662,808
1663,1636
1663,1482
1663,1241
1663,1092
1663,901
1664,298
1664,1385
1664,213
1665,1569
1665,272
1665,1076
1666,240
1666,52
1667,1858
1667,1533
1667,1459
1667,1436
1667,1462
1667,1385
1668,323
1668,1224
1668,1551
1668,1147
1668,1978
1669,1957
1669,1132
1669,632
1669,1789
1669,1815
1669,1979
1670,498
1670,722
1670,1482
1670,830
1671,421
1671,788
1671,966
1671,1877
1672,406
1672,1938
1672,272
1672,552
1673,1742
1673,1737
1673,1623
1673,1786
1674,1740
1674,1874
1674,421
1674,1323
1674,1767
1674,1230
1675,1056
1675,368
1676,298
1676,213
1676,275
1676,1380
1676,906
1676,1625
1676,515
1677,1423
1677,1019
1677,1245
1677,1665
1677,597
1678,1622
1678,278
1678,608
1678,330
1679,1676
1680,381
1680,781
1680,1862
1680,480
1680,1630
1680,1692
1680,573
1681,1423
1681,1456
1681,1311
1681,1492
1682,195
1682,1813
1682,71
1682,1978
1682,1413
1682,808
1682,756
1683,728
1683,820
1684,1291
1685,940
1685,1454
1685,1179
1686,31
1686,1742
1686,1960
1686,174
1686,1324
1686,888
1686,1085
1687,1910
1687,169
1688,681
1688,486
1688,1246
1688,57
1688,465
1688,1924
1689,340
1689,1839
1689,1999
1689,988
1690,59
1690,451
1690,1557
1690,766
1690,1740
1691,290
1691,988
1691,271
1691,1678
1691,1963
1692,1795
1693,1085
1693,1456
1694,1037
1695,1415
1695,1371
1695,580
1695,942
1695,904
1695,100
1696,369
1697,1230
1697,1556
1697,1820
1697,171
1697,734
1697,1321
1698,110
1698,1019
1698,204
1698,746
1698,50
1699,1147
1699,621
1699,1179
1699,1395
1699,1744
1699,531
1699,1885
1700,278
1700,1230
1701,1885
1701,1037
1701,1217
1701,600
1701,1426
1701,584
1701,986
1702,1556
1702,437
1702,1166
1702,1302
1702,553
1703,197
1703,539
1704,1936
1704,1875
1704,1697
1704,1542
1704,789
1705,1615
1705,1978
1706,788
1706,72
1706,582
1707,1574
1707,211
1707,1413
1707,519
1707,1660
1708,835
1708,1660
1708,273
1708,1904
1708,1772
1708,1121
1709,1554
1709,423
1709,1966
1710,1564
1710,1023
1710,1913
1710,1054
1710,904
1710,890
1710,1939
1711,362
1711,910
1711,416
1711,74
1711,621
1711,1086
1711,1790
1712,1936
1713,1162
1713,454
1713,1056
1713,1935
1713,169
1714,916
1714,1966
1714,1847
1714,367
1714,1623
1714,571
1714,965
1715,1097
1715,615
1715,1348
1715,325
1715,1038
1715,298
1716,1250
1717,1877
1717,1194
1717,1246
1717,950
1717,428
1718,1606
1719,1960
1719,482
1719,484
1719,830
1720,571
1720,1019
1720,1308
1720,176
1720,619
1720,1279
1720,950
1721,693
1721,200
1722,1266
1723,994
1723,1291
1724,82
1725,1674
1725,1677
1725,1285
1725,1613
1725,1629
1726,282
1726,30
1727,1348
1727,1335
1727,1007
1727,1641
1727,1702
1727,571
1728,533
1728,1472
1729,1638
1729,1608
1729,1834
1730,1616
1730,1740
1730,1197
1730,556
1730,938
1730,46
1731,1241
1731,671
1731,1847
1731,1563
1731,275
1731,1768
1732,1308
1732,757
1732,1191
1732,1960
1732,1101
1732,1814
1733,46
1733,757
1734,1542
1734,1246
1735,1125
1735,1441
1736,304
1736,1618
1736,323
1736,1482
1736,915
1736,221
1737,1056
1738,1315
1738,582
1738,369
1738,395
1738,514
1738,702
1739,1217
1739,1647
1739,248
1739,364
1739,651
1739,600
1740,1191
1740,858
1740,917
1740,932
1741,1552
1741,423
1742,562
1742,1038
1742,1830
1742,549
1743,586
1743,463
1743,1675
1743,1503
1743,171
1743,1932
1744,414
1744,746
1745,1369
1745,384
1745,1236
1745,1351
1745,116
1746,1365
1746,1966
1746,142
1746,3
1747,24
1747,266
1747,332
1748,1488
1748,1874
1749,809
1749,1285
1749,1406
1749,1511
1749,887
1750,1624
1750,1441
1750,1783
1750,1042
1750,772
1750,1912
1750,695
1751,694
1751,745
1751,1274
1751,328
1752,288
1752,1653
1752,1194
1752,308
1752,766
1752,830
1753,915
1753,1325
1753,1224
1753,1566
1753,508
1754,708
1754,496
1754,1413
1754,421
1754,310
1754,926
1754,1406
1755,544
1755,603
1755,1861
1756,916
1756,1697
1756,742
1757,711
1757,531
1757,1456
1758,1830
1758,1544
1758,306
1759,558
1759,1236
1759,778
1759,533
1759,1904
1760,1714
1760,1941
1760,1641
1760,1161
1760,1279
1760,916
1761,414
1761,1539
1761,907
1761,287
1762,555
1762,1641
1762,1853
1763,1371
1763,1727
1763,72
1763,1565
1763,434
1764,789
1764,1630
1764,271
1764,1028
1764,276
1764,552
1765,515
1765,745
1765,185
1765,520
1765,1873
1766,1567
1766,406
1766,119
1766,1801
1767,991
1767,711
1767,1623
1767,1935
1767,655
1768,1624
1768,1042
1768,1275
1768,354
1768,193
1768,483
1768,290
1769,1538
1769,1542
1769,317
1769,311
1769,1539
1769,70
1770,621
1771,310
1771,414
1771,1832
1771,1785
1771,353
1771,788
1772,124
1772,1923
1772,366
1772,975
1772,119
1772,1966
1772,3
1773,1315
1773,1064
1773,1266
1773,597
1774,1241
1774,562
1774,1847
1774,1790
1774,932
1774,552
1775,100
1775,1245
1775,1290
1775,1334
1775,427
1775,1161
1775,1274
1776,1960
1776,584
1776,1674
1776,266
1776,825
1777,519
1777,585
1778,364
1778,728
1779,969
1779,428
1779,835
1779,1738
1779,514
1779,33
1779,394
1780,1081
1780,969
1780,221
1781,1217
1781,746
1781,1415
1781,760
1782,174
1782,354
1782,1494
1782,1285
1782,412
1782,466
1783,1874
1783,428
1783,1772
1783,1906
1783,940
1784,756
1784,310
1784,1885
1784,1665
1784,328
1785,519
1786,555
1787,708
1787,506
1787,1565
1788,310
1788,227
1788,428
1788,1477
1789,580
1789,803
1789,530
1790,612
1791,586
1792,1314
1792,597
1792,1853
1792,1433
1793,825
1793,916
1793,1600
1793,1740
1793,209
1793,999
1794,742
1794,129
1794,169
1795,680
1796,1053
1796,1742
1796,1623
1796,927
1796,1161
1797,364
1797,1623
1798,1014
1799,975
1799,1108
1799,1923
1799,756
1799,1088
1799,1413
1800,262
1800,1498
1800,211
1801,746
1802,323
1802,1279
1802,1917
1802,1958
1802,1804
1803,1931
1803,1226
1804,536
1804,1799
1805,1424
1805,1623
1805,1638
1805,1106
1805,1461
1806,1928
1806,323
1806,651
1807,1938
1807,454
1807,1294
1807,530
1807,1472
1808,1755
1808,1180
1808,1273
1808,1994
1808,163
1808,608
1809,1867
1809,1205
1809,494
1809,527
1809,1197
1809,1311
1809,1730
1810,1561
1810,1014
1810,332
1810,615
1810,57
1811,1335
1811,1928
1811,428
1811,1648
1812,1740
1812,1058
1812,1308
1812,1273
1812,1994
1812,366
1812,1351
1813,1180
1813,311
1813,931
1813,1308
1813,1768
1813,584
1814,1618
1814,631
1814,323
1814,262
1815,1772
1815,304
1815,999
1815,1538
1816,1762
1816,1246
1817,1674
1817,183
1818,255
1819,1503
1819,136
1819,312
1819,85
1820,915
1820,364
1820,1547
1821,906
1821,1037
1821,933
1822,446
1822,1936
1822,1600
1822,1979
1823,116
1823,1498
1824,1655
1824,523
1824,31
1824,1456
1824,818
1825,234
1825,317
1825,1904
1825,136
1825,1667
1825,1395
1826,1595
1826,1616
1827,121
1828,121
1828,1789
1828,1898
1828,70
1829,890
1829,530
1830,463
1830,1273
1830,856
1830,1125
1830,507
1830,555
1830,1138
1831,585
1831,221
1831,116
1831,986
1831,1913
1832,766
1833,975
1833,446
1834,747
1834,1481
1834,1629
1834,577
1835,1475
1835,708
1835,745
1835,1441
1835,1874
1836,1944
1836,1966
1837,1005
1837,1327
1837,875
1837,745
1837,573
1837,1041
1838,423
1838,163
1838,1250
1838,310
1839,1477
1839,1336
1839,629
1839,1365
1840,1932
1840,562
1841,1041
1841,1433
1842,1568
1842,722
1842,963
1842,1651
1842,1290
1842,1346
1842,1494
1843,882
1843,1041
1844,409
1844,1814
1844,1993
1844,1441
1844,495
1845,1259
1845,1790
1846,1308
1846,942
1846,1979
1846,863
1846,938
1846,1573
1847,1166
1847,904
1847,1925
1847,519
1847,1462
1847,332
1848,287
1848,1232
1848,1994
1849,1107
1849,1455
1849,901
1849,1795
1849,311
1849,1561
1850,1266
1850,716
1851,262
1852,366
1852,1940
1852,890
1853,694
1854,1455
1854,679
1854,614
1854,1678
1854,414
1854,1574
1855,1870
1856,1207
1856,443
1856,308
1856,1862
1857,1547
1857,1542
1857,487
1857,608
1857,1413
1858,1770
1858,68
1858,164
1859,1938
1859,1030
1859,695
1860,874
1860,1311
1860,679
1860,1692
1860,1698
1860,1815
1860,1981
1861,1561
1861,332
1861,484
1861,1034
1862,693
1863,907
1863,1650
1863,1674
1863,1511
1863,728
1863,1224
1863,631
1864,1243
1864,1556
1864,116
1864,266
1864,1999
1865,1711
1865,600
1865,1967
1865,112
1865,178
1866,1867
1866,1245
1866,737
1866,1132
1867,1692
1867,651
1868,1321
1868,1162
1868,1814
1868,71
1868,1451
1869,863
1869,213
1870,164
1870,1533
1870,608
1870,415
1871,1939
1872,890
1872,466
1873,1944
1873,1221
1873,675
1874,1293
1874,1323
1875,1503
1876,1894
1876,298
1877,311
1877,433
1877,1101
1877,1034
1878,299
1878,963
1879,680
1879,276
1879,440
1879,1830
1879,271
1879,589
1879,1564
1880,1291
1880,882
1880,603
1880,1565
1880,1700
1880,552
1881,745
1881,66
1881,1241
1882,1243
1882,1055
1883,1941
1883,1014
1883,1925
1883,77
1884,1613
1884,610
1885,30
1885,1542
1885,221
1885,414
1885,737
1886,1613
1887,52
1887,863
1887,1088
1888,252
1888,1390
1888,427
1888,240
1888,1308
1888,966
1888,1834
1889,1314
1890,608
1890,1655
1890,1931
1891,1608
1892,59
1892,917
1892,124
1892,793
1892,1920
1892,1991
1893,1321
1893,273
1893,1454
1894,312
1894,368
1895,1667
1896,1925
1896,1473
1896,496
1896,1623
1896,472
1896,927
1896,227
1897,372
1897,1932
1897,965
1898,1293
1898,440
1898,737
1898,608
1898,219
1898,888
1898,1622
1899,428
1899,1455
1899,577
1899,745
1899,482
1899,888
1899,1924
1900,262
1900,1538
1901,1593
1901,328
1901,394
1902,1314
1902,136
1902,332
1903,1931
1903,1384
1903,1138
1903,1088
1904,1260
1904,544
1904,945
1904,1687
1904,282
1904,1274
1904,1028
1905,610
1905,549
1905,508
1905,950
1905,1081
1905,1272
1905,255
1906,209
1906,1413
1906,1702
1906,164
1907,1977
1908,1625
1908,1236
1909,1451
1909,496
1909,298
1909,440
1909,1152
1910,310
1910,1601
1910,1426
1910,1732
1910,766
1910,330
1911,375
1911,343
1911,1133
1912,1739
1912,100
1912,1180
1912,1740
1912,1636
1912,1898
1912,1055
1913,1860
1914,1384
1914,472
1914,1944
1914,721
1915,808
1915,1917
1916,1862
1916,1147
1916,1069
1916,788
1917,987
1917,1108
1917,52
1918,979
1918,1853
1918,1624
1918,943
1919,1613
1919,1133
1919,753
1919,1441
1919,212
1919,446
1920,273
1920,362
1920,1451
1920,1933
1921,437
1921,335
1921,423
1921,1243
1921,874
1921,631
1922,437
1922,1221
1923,325
1923,1481
1923,1423
1923,73
1923,1180
1923,1938
1924,1436
1925,1874
1925,395
1925,375
1926,882
1926,287
1926,1609
1926,1321
1926,330
1926,1408
1926,479
1927,85
1927,1034
1927,359
1928,1275
1928,1545
1928,515
1928,1538
1928,631
1928,1360
1929,1552
1929,368
1930,611
1930,82
1930,1768
1930,695
1930,573
1930,299
1931,310
1931,1819
1931,234
1931,1314
1931,1112
1931,1302
1932,1574
1933,169
1933,1762
1934,311
1934,1420
1934,789
1934,744
1934,807
1934,1275
1935,1117
1935,880
1936,874
1936,323
1936,1325
1936,1459
1936,1232
1936,577
1937,1740
1937,1037
1937,1935
1937,1629
1938,353
1939,1938
1939,1230
1939,124
1939,290
1939,1647
1939,1056
1940,1830
1940,558
1940,82
1941,1832
1941,73
1941,760
1941,260
1941,1986
1941,629
1942,1457
1942,1084
1942,1019
1942,383
1942,1641
1943,1544
1943,1623
1943,1183
1943,1740
1943,908
1943,212
1944,1302
1944,1135
1944,317
1945,933
1945,452
1946,1847
1946,1064
1946,446
1946,1941
1946,1451
1947,368
1947,200
1948,528
1948,549
1948,124
1948,195
1948,1291
1949,573
1949,1651
1949,1729
1949,70
1949,916
1949,1035
1950,414
1950,423
1950,1689
1950,963
1950,932
1950,1737
1951,711
1951,1566
1951,1432
1951,66
1952,1241
1952,343
1953,1477
1953,1610
1953,745
1953,1358
1953,481
1954,1294
1954,988
1954,555
1955,1351
1955,1382
1955,372
1955,1314
1956,611
1956,1512
1957,1122
1958,1482
1958,298
1958,1767
1958,519
1958,756
1958,487
1959,783
1959,1702
1959,1055
1959,496
1959,737
1959,760
1960,1481
1960,1629
1960,1539
1960,1613
1961,1729
1961,618
1961,1786
1961,1755
1961,507
1962,1092
1962,591
1962,1038
1962,1565
1962,1740
1962,1700
1963,1676
1964,932
1965,1112
1965,362
1965,716
1965,1498
1965,1555
1965,1084
1966,108
1966,1266
1966,1423
1966,68
1966,116
1966,1795
1967,1650
1968,1732
1968,1557
1968,273
1968,1698
1968,916
1969,1420
1969,273
1969,1826
1969,781
1970,1042
1970,1475
1970,974
1970,1698
1970,311
1970,1569
1970,1675
1971,1459
1972,1746
1972,1217
1972,1875
1972,1785
1972,384
1972,1994
1973,238
1974,1568
1974,1272
1974,1443
1974,136
1974,262
1974,1554
1975,926
1975,507
1975,778
1975,863
1975,1245
1975,1076
1975,301
1976,1957
1976,1613
1976,1494
1976,793
1976,753
1977,1544
1977,788
1978,533
1978,1069
1979,1042
1979,932
1979,1711
1979,1799
1979,394
1979,1250
1980,1019
1980,539
1980,904
1980,1564
1981,1557
1981,369
1981,987
1981,1108
1981,1700
1981,325
1982,833
1982,1498
1982,1917
1982,835
1982,1294
1982,186
1982,722
1983,7
1983,382
1983,1459
1983,1740
1983,87
1983,1324
1984,1302
1985,926
1985,1994
1985,1651
1986,1217
1986,1867
1987,1755
1987,136
1987,1434
1987,1982
1987,416
1987,255
1987,1737
1988,1311
1989,1259
1989,1789
1989,124
1989,1395
1989,85
1989,1616
1989,1783
1990,680
1990,1938
1990,528
1990,1957
1991,1482
1991,498
1991,1722
1992,1568
1992,1655
1993,772
1993,1290
1994,1944
1994,472
1994,994
1994,1711
1994,926
1994,1482
1995,266
1995,781
1995,24
1995,940
1995,306
1995,1290
1996,939
1997,381
1998,744
1998,362
1998,760
1999,632
1999,1451
1999,498
1999,1600
1999,1817
2000,558
2000,275
2000,463
2000,835
2000,1423
2000,671
